{"stats":{"minecraft:custom":{"minecraft:jump":42,"minecraft:time_since_rest":5373,"minecraft:damage_dealt":23,"minecraft:damage_taken":200,"minecraft:crouch_one_cm":2116,"minecraft:leave_game":4,"minecraft:play_time":5373,"minecraft:sprint_one_cm":1089,"minecraft:time_since_death":5373,"minecraft:walk_one_cm":5961,"minecraft:sneak_time":420,"minecraft:total_world_time":5373,"minecraft:climb_one_cm":1035,"minecraft:fall_one_cm":613,"minecraft:fly_one_cm":2255},"minecraft:picked_up":{"minecraft:jungle_log":8},"minecraft:crafted":{"minecraft:jungle_planks":4},"minecraft:mined":{"minecraft:jungle_leaves":24,"minecraft:jungle_log":8},"minecraft:used":{"minecraft:jungle_log":7}},"DataVersion":3955}