{"stats":{"minecraft:mined":{"minecraft:jungle_leaves":3,"minecraft:jungle_log":1},"minecraft:picked_up":{"minecraft:jungle_log":1},"minecraft:custom":{"minecraft:jump":11,"minecraft:time_since_rest":490,"minecraft:crouch_one_cm":239,"minecraft:leave_game":2,"minecraft:play_time":490,"minecraft:sprint_one_cm":222,"minecraft:time_since_death":490,"minecraft:walk_one_cm":659,"minecraft:sneak_time":49,"minecraft:total_world_time":490,"minecraft:climb_one_cm":329,"minecraft:fly_one_cm":449}},"DataVersion":3955}