{"stats":{"minecraft:picked_up":{"minecraft:jungle_log":1},"minecraft:custom":{"minecraft:jump":30,"minecraft:time_since_rest":2966,"minecraft:damage_dealt":23,"minecraft:damage_taken":180,"minecraft:crouch_one_cm":1377,"minecraft:leave_game":3,"minecraft:play_time":2966,"minecraft:sprint_one_cm":979,"minecraft:time_since_death":2966,"minecraft:walk_one_cm":3910,"minecraft:sneak_time":207,"minecraft:climb_one_cm":1035,"minecraft:total_world_time":2966,"minecraft:fall_one_cm":209,"minecraft:fly_one_cm":2027},"minecraft:crafted":{"minecraft:jungle_planks":4},"minecraft:mined":{"minecraft:jungle_leaves":16,"minecraft:jungle_log":1}},"DataVersion":3955}