{"stats":{"minecraft:crafted":{"minecraft:jungle_planks":4},"minecraft:picked_up":{"minecraft:jungle_log":8,"minecraft:jungle_planks":4,"minecraft:bamboo":40,"minecraft:melon_slice":28,"minecraft:mutton":2,"minecraft:white_wool":1},"minecraft:killed":{"minecraft:sheep":1},"minecraft:mined":{"minecraft:short_grass":1,"minecraft:melon":6,"minecraft:jungle_log":8,"minecraft:bamboo":4,"minecraft:jungle_leaves":27,"minecraft:birch_leaves":4,"minecraft:fern":1},"minecraft:used":{"minecraft:melon_slice":5,"minecraft:jungle_log":7},"minecraft:custom":{"minecraft:time_since_rest":7539,"minecraft:crouch_one_cm":2391,"minecraft:play_time":14438,"minecraft:sprint_one_cm":35011,"minecraft:walk_one_cm":19005,"minecraft:damage_taken":495,"minecraft:deaths":1,"minecraft:sneak_time":478,"minecraft:walk_under_water_one_cm":337,"minecraft:mob_kills":1,"minecraft:jump":347,"minecraft:damage_dealt":103,"minecraft:leave_game":5,"minecraft:walk_on_water_one_cm":694,"minecraft:time_since_death":7507,"minecraft:climb_one_cm":5600,"minecraft:total_world_time":14438,"minecraft:swim_one_cm":2676,"minecraft:fall_one_cm":11936,"minecraft:fly_one_cm":54973}},"DataVersion":3955}