{"stats":{"minecraft:killed_by":{"minecraft:zombie":1},"minecraft:picked_up":{"minecraft:cooked_porkchop":2,"minecraft:jungle_log":1,"minecraft:porkchop":5,"minecraft:oak_log":2,"minecraft:dirt":14,"minecraft:flint_and_steel":1,"minecraft:cooked_mutton":2,"minecraft:beef":3,"minecraft:wooden_shovel":1,"minecraft:mutton":3,"minecraft:white_wool":3,"minecraft:cobblestone":16},"minecraft:crafted":{"minecraft:oak_planks":8,"minecraft:wooden_shovel":1,"minecraft:crafting_table":1,"minecraft:stick":8,"minecraft:wooden_pickaxe":1,"minecraft:stone_pickaxe":1,"minecraft:jungle_planks":4},"minecraft:dropped":{"minecraft:wooden_shovel":1,"minecraft:flint_and_steel":1},"minecraft:custom":{"minecraft:time_since_rest":22887,"minecraft:sprint_one_cm":72541,"minecraft:damage_taken":732,"minecraft:walk_one_cm":78840,"minecraft:mob_kills":9,"minecraft:drop":2,"minecraft:damage_dealt":784,"minecraft:swim_one_cm":222,"minecraft:interact_with_crafting_table":4,"minecraft:fly_one_cm":88083,"minecraft:open_chest":1,"minecraft:crouch_one_cm":508,"minecraft:play_time":24554,"minecraft:deaths":1,"minecraft:sneak_time":79,"minecraft:walk_under_water_one_cm":615,"minecraft:jump":532,"minecraft:leave_game":1,"minecraft:walk_on_water_one_cm":7412,"minecraft:time_since_death":20025,"minecraft:climb_one_cm":943,"minecraft:total_world_time":24554,"minecraft:fall_one_cm":14662},"minecraft:mined":{"minecraft:fire":2,"minecraft:birch_leaves":1,"minecraft:short_grass":6,"minecraft:grass_block":11,"minecraft:oak_log":2,"minecraft:jungle_log":1,"minecraft:dirt":6,"minecraft:stone":18,"minecraft:oak_leaves":4,"minecraft:fern":1},"minecraft:used":{"minecraft:cooked_mutton":2,"minecraft:flint_and_steel":27,"minecraft:stone_pickaxe":15,"minecraft:wooden_pickaxe":4,"minecraft:wooden_shovel":12,"minecraft:golden_apple":1,"minecraft:crafting_table":1,"minecraft:cooked_porkchop":2,"minecraft:golden_shovel":75},"minecraft:killed":{"minecraft:sheep":3,"minecraft:pig":3,"minecraft:cow":1}},"DataVersion":3955}