{"stats":{"minecraft:killed_by":{"minecraft:zombie":1},"minecraft:picked_up":{"minecraft:jungle_log":1,"minecraft:porkchop":5,"minecraft:oak_log":2,"minecraft:dirt":12,"minecraft:beef":3,"minecraft:wooden_shovel":1,"minecraft:mutton":1,"minecraft:white_wool":1,"minecraft:cobblestone":16},"minecraft:crafted":{"minecraft:oak_planks":8,"minecraft:wooden_shovel":1,"minecraft:crafting_table":1,"minecraft:stick":8,"minecraft:wooden_pickaxe":1,"minecraft:stone_pickaxe":1,"minecraft:jungle_planks":4},"minecraft:dropped":{"minecraft:wooden_shovel":1},"minecraft:custom":{"minecraft:time_since_rest":16295,"minecraft:sprint_one_cm":32618,"minecraft:damage_taken":460,"minecraft:walk_one_cm":48888,"minecraft:mob_kills":5,"minecraft:drop":1,"minecraft:damage_dealt":514,"minecraft:swim_one_cm":222,"minecraft:interact_with_crafting_table":4,"minecraft:fly_one_cm":56046,"minecraft:open_chest":1,"minecraft:crouch_one_cm":508,"minecraft:play_time":17962,"minecraft:deaths":1,"minecraft:sneak_time":79,"minecraft:walk_under_water_one_cm":615,"minecraft:jump":361,"minecraft:walk_on_water_one_cm":6543,"minecraft:time_since_death":13433,"minecraft:climb_one_cm":943,"minecraft:total_world_time":17962,"minecraft:fall_one_cm":12508},"minecraft:mined":{"minecraft:short_grass":3,"minecraft:grass_block":9,"minecraft:oak_log":2,"minecraft:jungle_log":1,"minecraft:dirt":6,"minecraft:stone":18,"minecraft:oak_leaves":4,"minecraft:fern":1},"minecraft:used":{"minecraft:flint_and_steel":5,"minecraft:stone_pickaxe":15,"minecraft:wooden_pickaxe":4,"minecraft:wooden_shovel":12,"minecraft:golden_apple":1,"minecraft:crafting_table":1,"minecraft:golden_shovel":45},"minecraft:killed":{"minecraft:sheep":1,"minecraft:pig":3,"minecraft:cow":1}},"DataVersion":3955}